Big Bird,1,Sesame Street,Fakeville,12345
Brittney Boyer,2,755 Potter Port,Charlotteberg,30257
Lisa Henderson,3,003 Michael Corner,New Dianetown,09120
Brian Guzman,4,7010 Warner River Suite 629,West Robert,07642
Tonya Mcdonald,5,77438 Oneal Parks Suite 777,Port Rickstad,08597
Emily Wagner,6,7925 Lawrence Plains Suite 153,South Richardton,23803
Kenneth Johnson,7,9260 Cynthia Turnpike,Lake Kristieside,62294
Frank Stevens,8,987 Jeffrey Circle,South Austinstad,55830
Tyler Tanner,9,168 Teresa Square,Debbieland,46098
Albert Wong,10,481 Fry Well Suite 549,Alexachester,01982
Shirley Jackson,11,86809 Richard Pass Suite 767,Michelleside,36230
Rebecca Williams,12,1708 Matthews Hollow,Mitchellland,31619
Crystal Manning,13,70193 Sparks Mount,Bradleyport,58461
Mr. Eric Castro,14,939 Wayne Valleys Apt. 028,New Michael,28477
Eric Pope,15,576 Lori Drives Suite 479,North Ryanview,75362
Rebecca Burns,16,3821 Bobby Locks,Jamesfort,95644
Mercedes Mccarthy,17,82722 Justin Knoll,Carrieport,09588
Aaron Lloyd,18,71339 Wise Manor,South Michelle,73500
Leah Murphy,19,6860 Foster Port Apt. 027,New Markburgh,93650
Darrell Ayala,20,8155 Kelly Track,Lake Clarence,39823
Collin Lawrence,21,4076 Smith Corner,North Tracyside,27043
Kelli Gutierrez MD,22,65090 Jesse Throughway Apt. 457,Jenningsside,76653
Alex Simpson,23,288 Michael Shoals Apt. 534,Cindybury,37551
Melissa George,24,231 Selena Rapids,Chapmanburgh,13026
Alicia Mahoney,25,014 Alexander Junctions Suite 278,Port Theresa,03882
Adam Bonilla,26,2980 Mclaughlin Summit,Carltown,60239
Wanda Hensley,27,450 Moore Course Suite 376,West Jessicaborough,87021
David Schmidt,28,526 Pamela Stravenue,Kellyburgh,45566
Melissa Freeman,29,37937 Fox Island,Whitneyland,72342
Ryan Jones,30,7714 Joseph Glen Apt. 727,Floreschester,89349
David Walker,31,4460 Adam Heights,New Adrian,57584
Daniel Martin,32,9513 Osborn Canyon,South Cynthiaview,86540
Hannah Fuller,33,3191 William Ports Apt. 416,New Jonathan,87019
Jennifer Drake,34,38842 Scott Orchard,Mcguireville,61922
Hannah Reynolds,35,718 Gonzalez Curve,Riceland,31903
Anthony Butler,36,199 Burns Mountains Suite 311,East Jillian,66577
Michael Warner,37,208 Hernandez Ford,Jenniferton,14029
Felicia Kelley,38,93973 Ross Vista Suite 781,Sarahmouth,14463
Justin Durham,39,0989 Michael Manor,Lisatown,03349
Kevin Sexton,40,6907 Hampton Club,New Colleen,60561
Jennifer Brown,41,899 Stephanie Vista,Port Jamesview,83444
Breanna Garrett,42,21193 Bryant Ford,New Chase,93156
Jaime Liu,43,566 Austin Corner Suite 435,Port Teresaport,26805
Harry Collins,44,78409 Zachary Track,New Loriburgh,44214
Lydia Garcia,45,2984 Hall Throughway Apt. 230,Bennettview,24082
Amy Walker,46,706 Alex Garden,Nicholshaven,30778
Theresa Edwards,47,0427 Theresa Track,North Juliaport,59396
Vincent Evans,48,8432 Linda Run Suite 230,East Reginald,06226
Jamie Hernandez,49,219 Kevin Spring Suite 819,New Christine,80825
Mark Hart,50,2228 Walters Heights,East Vanessaborough,81565
Jasmine Wilson,51,3054 Eric Grove,Port Nicholas,17660
Andrea Browning,52,9526 Sullivan Corners,West Apriltown,69875
James Bradley,53,207 Ballard Lake,Garychester,06027
Jason Jefferson,54,04092 Kimberly Extension Suite 262,East Brianchester,40076
Veronica Hughes,55,757 Levy Rapids Apt. 520,West Christopher,81392
Donna Miller,56,60679 Miller Parkways Apt. 874,New Reginald,69632
Bob Nelson,57,35646 Rodney Radial,South Melissafort,80360
Ashley Miranda,58,5487 Brown Forest,Keithport,53141
Brittney Henderson,59,074 Kathryn Drives Suite 730,Port Dennis,97490
Brian Buchanan,60,40159 Thomas Curve,North Brandon,99204
Keith Patterson,61,0322 Amy Burgs Apt. 372,Harringtonton,28607
Pamela Craig,62,36137 Archer Mountain,West Hannahstad,43109
John Gonzalez,63,205 Rowe Fork,Huntershire,81700
Stephanie Williams,64,512 Thomas Mall,Port Jeffrey,36675
Jennifer Cohen,65,263 Christopher Stravenue Suite 491,New Garystad,58289
Elizabeth Robles,66,02656 Samuel Ville,Lake Edwardland,84709
Linda Fitzpatrick,67,1941 Powell Cove Suite 573,New Wesleyhaven,04935
Anthony Bell,68,716 Fleming Way Apt. 504,Port Amy,41118
Eric Davis,69,8929 Novak Station,Alexandraville,45111
Steven Bass,70,480 Miller Lake,Owenston,50341
Amy Gutierrez,71,25258 Alexander Manors,New Valerie,06991
Collin Lowe,72,7521 Scott Flats,Millerfort,59228
Barbara Black,73,65877 Mccarthy Run Apt. 791,South Jessicatown,80997
Ashley Price,74,699 Lee Creek,Beckyland,20818
Amy Williams,75,41579 Aaron Lakes Suite 123,Lake Wendyport,39558
Angela Barron,76,31451 Bauer Plains,Mirandabury,58059
Kathryn Sloan,77,4075 Flowers Locks Suite 557,Clarkland,10471
Michelle Dickerson MD,78,989 Samantha Points,Joseville,69171
Amber Gould,79,876 Benton Parks,Timothystad,29302
Vanessa Dixon,80,591 Wolfe Cape,Holdenville,57880
Alicia Gutierrez,81,12812 Joseph Stream Suite 357,Annemouth,91194
Eugene Mullins,82,319 Daniel Plains Apt. 560,Loganfurt,09658
William Stewart,83,67143 Shannon Islands,Lake Michaelhaven,36172
Anthony Reed,84,712 Thompson Mountains,Robertotown,17013
Brandy Gordon,85,2759 Jane Viaduct Apt. 870,Port Brandon,66979
Cindy Cox,86,609 Harold Streets Apt. 322,North Kevin,77210
Virginia Brown,87,394 Matthew Crossroad,Brownfort,50088
Brandon Foster,88,289 Michael Locks,Wallacemouth,03224
Lisa Wood,89,3774 Cabrera Street Suite 827,Jonesview,10445
Leonard Garcia,90,894 Christie Meadow,Janiceville,96145
Rodney Riley,91,87783 Lance Estates,North Richardchester,88803
Jason Hernandez,92,32243 Brown Loop,Cameronhaven,01739
Christopher Wilson,93,58806 Daniel Point,South Samuelberg,69853
Derrick Trevino,94,286 Michael Island Apt. 762,West Jenniferland,25129
James Myers,95,9596 Karen Lodge,Pamelabury,91208
Sandra Nguyen,96,7642 Tracey Forks,East Jessicafurt,52936
Adam Holmes,97,7133 Fox Course Apt. 795,East Christineshire,55806
William Reynolds,98,267 Owen Union Apt. 493,North Amymouth,03870
Sierra Rivera,99,4854 Williams View Apt. 963,West Alexandermouth,57807
Hannah Wallace,100,76068 Rodriguez Rue,Madisonmouth,16784
Jessica Aguirre,101,6361 Young Meadow,Johnberg,86281
Jason Johnson,102,1787 Glen Ramp Suite 793,Port Samanthachester,03572
Linda Kline,103,79354 Torres Viaduct,Tiffanyfort,97220
Scott Nelson,104,98911 Garrett Lake Apt. 894,New Holly,56833
Morgan Gordon,105,01841 Hart Heights,Michellemouth,55937
Curtis Walsh,106,31838 Pamela Harbors Suite 119,Lake Jenniferberg,80473
Patricia Perez,107,7352 Smith Trace Apt. 706,Grahamfort,62024
Michelle Ingram,108,572 Jordan Islands,Combsport,05775
Amy Steele,109,567 Shelley Locks Apt. 782,North Jerrytown,01272
Kenneth Long,110,9779 Key Mills Apt. 168,Morganview,81037
Gregory Marquez,111,9708 Reed Viaduct,Riggsborough,13399
Stacey Richardson,112,43233 Lee Field,Leslietown,14153
Benjamin Campbell,113,30949 Ramirez Islands Suite 606,New Michael,37752
Tara Burke,114,1640 Andrew Green,New Malikview,00692
Robert Fuller,115,659 Morris Gateway Apt. 671,Turnerfort,89742
Alejandra Williams,116,8870 Watkins Fords,Williammouth,72794
Heather Reyes,117,768 Robin Spur,South Joshuashire,84672
Brian Turner,118,7920 Hernandez Ways Suite 421,Port Nicholas,98867
Jamie Johnson,119,4161 Cole Haven,Jenniferland,46069
Teresa Vincent,120,68877 Bailey Mount,Port Audreyfurt,45160
Emily Kane,121,1385 Kelly Plaza Apt. 877,Grayland,45912
Felicia Boyer,122,395 Maria Rapids,North Emily,57034
Lauren Duran,123,18812 Stuart Loop,Port Billy,65777
Christopher Rosario,124,1475 Jessica Valley Apt. 016,West Troychester,38982
Michael Shaffer,125,52173 Gibson Park Suite 740,East Joanneburgh,18783
Andrew Foster,126,4045 Kelley Street Apt. 048,East Ritaview,57454
Kristin Johnson,127,8628 Ward Streets,East Melaniefurt,20177
Joseph Harris,128,3261 Amanda Terrace,North Evelyn,24433
Troy Salinas,129,12415 Kim Mission,Destinyview,92712
Holly Smith,130,83591 Mcdonald Lights Apt. 685,Melodychester,48623
Hunter Martin,131,5415 Simmons Bridge Apt. 532,East Jaredton,53770
Victoria Edwards,132,68922 Taylor Groves Apt. 661,South Victoriaside,66601
Robert Sherman,133,3628 Johnson Harbor,Martinezchester,07347
Amber Dalton,134,44550 Hernandez Dale Suite 491,Ryanport,99512
Jonathon Hutchinson,135,5569 Duncan Bridge,Joshualand,77639
Amy Smith,136,1892 Catherine Locks,East Brittany,38541
James Lee,137,81818 Shari Rue,New Joseph,73712
Barbara Baker DVM,138,433 Hall Shoals Suite 678,Pattersonshire,73021
Erin Lewis,139,0766 Mckinney Station,Melissaborough,49357
Ashley Jackson,140,32277 Hernandez Plaza,Jonesshire,36654
Jacqueline Daniels,141,78114 Mills Haven,Elizabethhaven,23708
Alison Williamson,142,59134 Conway Lodge,West Jennifer,04891
Paula Thompson,143,36284 Pamela Trail,Christopherton,54433
Alyssa Anderson,144,3056 Justin Drive Suite 980,Mollymouth,22525
Jennifer Glass,145,4720 White Way Apt. 083,Oscarhaven,71579
Stephanie Little,146,65662 Edwards Ridge Apt. 683,West Sarah,56673
Sydney Eaton,147,839 Tyler Passage,Hernandezland,60506
Joshua Harrington,148,820 Kelsey Hill Apt. 991,Chungstad,04034
Javier Lee,149,0025 Robin Loaf Suite 394,Michellebury,53553
Anna Heath,150,3916 Emily Square Apt. 112,South Hannah,06677
Samuel Morgan,151,8957 Gutierrez Circle Apt. 923,Forbeston,99423
Jennifer Romero,152,58080 Andrew Trafficway Apt. 967,Mariohaven,54968
Connor Miller,153,6635 Farley Roads Suite 440,Martinezview,94330
Whitney Lucas,154,8028 Hayes Flats,New Joshua,42438
Jonathan Miller,155,24119 Summers Canyon,East Judy,28217
Cheryl Pierce,156,34199 Rivera Drive,Johnstad,88015
Katherine Anderson,157,3432 Adams Mountain,West Staceymouth,79367
Douglas Costa,158,769 Vanessa Mountains,Velasquezside,02887
Heather Brewer,159,638 Thomas Viaduct Apt. 787,East Natashamouth,60865
Raymond Fox,160,6591 Brewer Plaza,Lake Joshua,12916
Preston Hebert,161,65067 Woodard Locks Apt. 162,West Frankview,32595
Dana Meyer,162,586 Joshua Spurs,North Kathyton,44341
Wesley Mclaughlin,163,69149 Tyler Cape,Port Jenniferburgh,64834
Ryan Haney,164,1487 Lauren Mount,Tannermouth,79302
Dr. Terry Howard,165,04657 Osborn Wells Apt. 702,Debrafurt,90678
Micheal Parker,166,56856 Ruiz Center Suite 146,Matthewhaven,12486
Francisco Chapman,167,721 Andrew Rue,Port Scottfurt,03004
Kevin Jacobson,168,48700 Cortez Knolls Apt. 533,Lake Dylan,62532
Daniel Smith,169,13602 Forbes Place,North Duaneland,91402
Jodi Blackwell,170,853 Christina Landing Suite 094,North Michelleton,33224
Amanda Esparza,171,8457 Angela River Suite 048,West Paula,70646
Yesenia Owens,172,576 Michael Canyon,Gallaghertown,58630
Joseph Williams,173,420 Watts Keys Apt. 073,Johnborough,54065
Lisa Hill,174,9394 Ronald Parks,North Timothyport,35939
Monica Torres,175,319 Robert Trafficway,Robertton,72696
Rebecca Murillo,176,10060 Madeline Stream,Meganshire,78276
Chad Santos,177,612 Williams Plain Apt. 694,New Richardville,03011
Kendra Reynolds,178,64191 Chase Hills,West Christopher,91074
Nicholas Edwards,179,246 Steve Trail,Colleenchester,78978
Elizabeth Hill,180,3552 Anderson Centers,Maryburgh,91679
Jessica Farley,181,907 James Alley,Albertburgh,97925
Steven Lewis,182,76150 Becky Isle Apt. 599,Millermouth,87983
Kelly Weaver,183,46183 Alexis Vista Apt. 169,East Christopher,65227
James Lewis,184,2772 Sanchez Canyon Suite 226,Milesside,65285
Sophia Oneal,185,0558 Laura Plains Apt. 800,Lake Christinaside,29798
Billy Woods,186,91692 Sarah Villages Suite 938,Port Markport,57062
Joshua Miller,187,797 Jaime Roads Suite 414,Rodgerschester,04847
Anthony Anderson,188,446 Orr Underpass,Lake Tim,46481
Michael Hernandez,189,6041 Davis Summit Suite 803,Jonestown,04115
Jacob Reyes,190,766 Perry Valley Suite 640,West Rebekahside,64082
Tanya Church,191,579 Schultz Junctions Apt. 390,Port Jeff,11254
Jose Williams,192,835 Baker Ramp,North Charlesshire,97153
Pamela White,193,00864 Renee Overpass Apt. 229,West Lisabury,45469
Mr. Anthony Watson DDS,194,635 Frazier Shoals,Ambertown,03935
Michelle Ruiz,195,2944 Ramirez Flat Apt. 894,East Jennifermouth,96403
Ruth Raymond,196,88731 Ashley Mountains Apt. 730,North Mark,02795
Eric Larsen,197,675 Schmidt Pines,Sloanville,10364
Jenny Smith,198,9314 John Walk Apt. 471,Taraside,25527
Patrick Ferguson,199,61911 Mann Lodge Suite 401,New Kellytown,64989
Jacob Patterson,200,692 James Pine,Port Robertshire,60554
Luis Bowman,201,884 Chad Springs Apt. 961,East Davidfurt,74864
Joseph Miller,202,1565 Cooper Motorway,North Shelby,81443
Olivia Wheeler,203,47241 Robert Knoll,North Travis,36904
Emily Atkins,204,0433 Annette Forks,Travisborough,54990
Nicole Best,205,1775 Jones Stravenue,Thomasshire,13563
Stephen Craig,206,723 Timothy Inlet Apt. 603,Griffithshire,30156
Robert Brown,207,691 Jason Motorway,Ortizmouth,20754
Melissa Anderson,208,4807 John Way Suite 417,Andrewmouth,23584
Courtney Deleon,209,05401 Jason Knolls,South Lorichester,61547
Kevin Mcgee,210,43044 Nathan Villages,East Adamton,08553
Patrick Martin,211,305 Ramirez Skyway,Warrenport,18254
Michael Murphy,212,93432 Murphy Trace,Lopezstad,60893
Laura Johnson,213,762 Alexis Rapid,Lake Carol,94134
Jennifer Meyers DDS,214,1416 Shannon Way,West Gregoryburgh,43267
Casey Freeman,215,778 Danielle Lights,Port Jeffreystad,28187
Jacqueline Robinson,216,72042 Suzanne Plaza,South Tylerchester,85345
Dylan Garcia,217,332 Matthew Loaf Suite 822,Whiteport,58605
Jesse Ellison,218,9036 Matthew Heights Apt. 534,Latashaside,96729
Robert Hicks,219,3566 Rivera Centers,South Seanmouth,73113
Ashley Johnson,220,357 Jonathan Trail Apt. 525,North Kristinafurt,77978
Gregory Pope,221,9103 Melissa Burg,Burnsberg,57509
Christopher Hansen,222,0201 Hall Land,Fergusonland,83716
Benjamin Sullivan,223,93320 Silva Path,Ryanland,00773
Evan Arias,224,9015 Alexander Ports Apt. 388,Port Joy,30039
Crystal Myers,225,44640 Thomas Points Apt. 347,North Andrew,76517
Jacqueline Oliver,226,9837 Roberts Garden Apt. 104,Nancyport,84239
Taylor Moore,227,3790 David Spring,Adrianshire,66353
Mallory Moore,228,18957 Johnny Curve,Donnastad,16165
Mark Newman,229,6275 Krause Park,Port Danielle,65867
Toni Jackson,230,22240 Andrea Glen,Josephtown,06057
Anthony Townsend,231,144 Howell Burgs Suite 816,Christopherchester,22736
Lori Swanson,232,3821 Olson Light,Fisherfurt,46011
Rachel Rivera,233,484 Cowan Center,East Joshua,65991
Barbara Ritter,234,491 Davis Creek Suite 831,Kellyview,72881
Jessica Wright,235,11055 Angela Pine Suite 833,Patriciatown,39797
Tara Reynolds,236,56213 Atkinson Ford,North Anthonyburgh,68061
Stephanie Martinez,237,71294 Michelle Gateway,East Tracy,23978
Thomas Rollins,238,807 Lori Lock Suite 390,Rileyside,64994
Paul Martinez,239,74198 Michael Divide Apt. 288,Owensbury,96146
Lacey Stewart,240,5815 White Plaza Suite 202,Russellbury,42625
Sarah Collins,241,45300 James Street Apt. 018,Edwardshire,29807
Cassidy Ramirez,242,5289 Cohen Cove Apt. 638,Donnaville,22949
Tracy Cunningham,243,818 Holly Centers Apt. 560,Port Tiffany,89927
Wesley Smith,244,48492 Johnson Springs Suite 797,Jennifertown,04150
Joseph Morris,245,38411 Kerry Fields Apt. 649,Gordonshire,76113
Jeffrey King,246,44934 Alexander Crescent Apt. 610,North Johnburgh,85725
David Rogers,247,26009 Mary Alley,South Leslie,42672
Kim Stephenson,248,42131 Johnson Place Suite 197,Anthonyview,26770
Tim Snyder,249,53674 Warner Vista,New Nancy,25150
James Newman,250,0406 Ford Wall,New Sabrina,32086
Scott Carter,251,9817 Jones Viaduct,Nathanfort,53020
Mrs. Katherine Smith,252,253 Jones Estate,Petersonside,86369
Bradley Stevenson,253,093 Campbell Court,Christianstad,78140
Philip Miller,254,78238 Johnson Mountains Apt. 165,West Sophiaborough,62743
Karen Warner,255,6544 Jones Isle Suite 060,Port Michele,13002
Brianna Kim,256,000 Mcdonald Shore,New Darrylburgh,91384
Nicholas Roach,257,7901 Mason Streets Apt. 711,Laurenburgh,06709
Hannah Terry,258,6044 Bethany Meadow,Krauseport,68742
Erika Stout,259,923 Estrada Pike,New Lawrencemouth,69659
Christopher Warren DDS,260,16031 Collins Bypass Apt. 583,Lake Kelly,55828
Michael Bass,261,4295 Stark Rue,East Gerald,80450
Jennifer Pierce,262,4277 Hailey Meadows Suite 559,Johnburgh,39333
Thomas Best,263,258 Garcia Camp,Natashaburgh,59952
Laura Richmond,264,5152 Mcbride Trail Suite 651,North Nicoleburgh,36626
Benjamin Lambert,265,1040 Gary Alley,West Dustinhaven,94310
Logan Williams,266,02075 Mejia Haven,Jontown,09860
Jeremy Wood,267,8909 Emily Passage,Lake Robertmouth,54335
Steven Morris,268,8953 Smith Stravenue Suite 426,North Katie,18040
James Gray,269,25458 Coleman Light,Lake Dustinfort,52911
Robyn Gomez,270,0686 Adam Burg Apt. 954,Laurentown,12961
Evelyn Hogan,271,316 Mark Field,Meltonburgh,82131
Felicia Weiss,272,43708 Sims Rapid,East Dillon,14166
Nathan Smith,273,315 Howell Crossroad Suite 121,East Matthewhaven,56254
James Oliver,274,479 Thomas Meadows Suite 049,Hannaview,84277
James Reyes,275,2909 Logan Ridge,Lake Tammychester,41083
Alicia Moreno,276,723 Shawna Burg,Lake Katherine,17598
Valerie Washington,277,027 Steven Burgs,Stephenstad,39493
Mark Roth,278,65014 Maureen Parkways,Port Jasonside,64431
Sharon Yu,279,3905 Riggs Street,Hunterhaven,94799
Greg Strong,280,20343 Hernandez Shoals,Morenobury,54694
Christine Harris,281,07231 Robinson Junctions,Bishopchester,49676
Michael Macdonald,282,1230 Brian Loop Apt. 369,South Kaylamouth,66637
Arthur Wright,283,2454 Rhodes Cliff,Laramouth,11696
Regina Burns,284,776 Jessica Crossing Suite 818,Riveramouth,52557
Reginald Gonzalez,285,355 Tim Key Apt. 149,Samuelberg,07827
Carrie Palmer,286,934 Acevedo Key Suite 478,Christophershire,27480
Katherine Mcfarland,287,745 Leon Shoal Apt. 369,Rodriguezhaven,25504
Anthony Williams,288,2532 Stone Drives Suite 167,Janetton,07466
Brenda Burns,289,6074 Bates Branch Suite 927,Carolynville,51212
Kevin Jackson,290,2765 Christopher Parkways Apt. 151,East Kylieborough,79382
Lori Gregory,291,74775 Jason Park,Saundersport,69240
Philip Anderson,292,07162 Susan Estate,Kristinhaven,66938
Gregory Cobb,293,9422 Douglas Manors,Bondside,55220
Pamela Nelson,294,928 Wong Mountains Apt. 773,Barnesbury,68639
Norma Robinson,295,9972 Knight Cove,North Lacey,45513
Robert Martin,296,68285 Robinson Viaduct Apt. 657,Hudsonside,34014
Jacob Meyer,297,175 Elizabeth View,New Tiffany,87341
Mr. Jay Delacruz,298,13699 Jimenez Run,North Ericland,93687
Gregory Hickman,299,9408 Terrell Ridge,New Teresahaven,77158
Eric Yang,300,3390 Garcia Gateway,Russellborough,02884
Joseph Russell,301,04639 Natalie Greens Apt. 494,Anthonyfort,60777
Thomas Campbell,302,904 Tony Prairie Apt. 904,East Jessechester,66192
Julie Brown,303,7374 Benitez Circle Apt. 955,Jessicaton,62773
Mr. Brendan Carlson,304,3126 George Dam Suite 827,New Wesley,91806
Yesenia Jacobs,305,222 Julie Coves,East Hannahshire,78415
Amy Suarez,306,8578 Garza Parkway,Port Christineland,34626
Andres Gonzalez,307,60308 Lisa Valley Suite 952,Rickyton,27217
Joe Olson DVM,308,5142 Amanda Mill Suite 353,Piercefort,91129
Matthew Patterson,309,3246 Kathy Station Apt. 414,Johnshire,06968
Nichole Smith,310,198 James Manor,Alvarezberg,52854
Jason Smith,311,1498 Fred Extension Apt. 016,Michaelmouth,25999
Carl Golden,312,46060 Bennett Loop Suite 489,Manningborough,01609
Natasha Terry,313,6101 Rodney Lake,Keithville,85683
Nicholas Lawson,314,763 Hamilton Islands,Port Karen,56439
Kristina Taylor,315,5129 Kelly Course Suite 270,New Dianaland,01448
Shelley Guerrero,316,534 Kathleen Ramp Apt. 563,Travisfurt,28475
Randy Hensley,317,463 Kelly Forge Apt. 814,Dannyburgh,64528
Richard Molina,318,67071 Dominic Fords,West Michele,88511
Michael Walsh,319,804 Sutton Plain Apt. 112,Stephenfurt,28224
Douglas Jimenez,320,030 Christine Terrace,Haasfurt,09826
Adam Gonzalez,321,6161 Silva Brooks Apt. 463,Simonmouth,41172
Jessica Santiago,322,875 Donald Village,Parsonstown,08416
Paul Miller,323,149 Christopher Road Apt. 824,Liuchester,95832
Melissa Anderson,324,54435 Macdonald Plains,Jamiehaven,31971
Larry Bailey,325,1066 Patricia Groves Apt. 941,Stricklandfort,38649
Michael White,326,3361 Harrison Ramp,West Edwardfurt,92834
Amanda Davis,327,54731 Kimberly Canyon,Kelseychester,23877
Charles Wang,328,52386 Ellis Village Apt. 619,Thompsonside,85151
Victoria Steele,329,00544 Austin Burgs,North Bradleymouth,48190
Luis Allen,330,382 Michael Plains Suite 742,South Derekland,16668
Victoria Torres,331,826 Black Brooks,Christophermouth,40993
Nichole Garza,332,92471 Jesse Common Apt. 737,Frederickchester,95613
Dennis Rogers,333,7742 Monica Locks Suite 563,Baileyport,03353
Johnny Valentine,334,620 Horn Flats,Wellsfort,11788
Ryan Taylor,335,67615 Hart Port Suite 169,Morganport,27546
Trevor Morton,336,7095 Cynthia Glen,West Kristen,48696
Jaime Dennis,337,15253 Matthew Crescent,South Miranda,92049
Brandon Sanders,338,4492 Stephanie Plaza,New Taylorfort,35277
Jared Rodriguez,339,8064 Roberts Ridge,South Theresa,57891
Ronald Allen,340,673 Villegas Stravenue,East Kevinton,50737
Becky Yu,341,078 Jessica Center,New Dustin,07870
Michael White DDS,342,93197 Anna Port Suite 193,New Anthony,24339
Jose Hughes,343,323 Daniel Cape,Michellefort,91543
Alexis Norton,344,6088 Ryan Walks,Port Eric,61106
Christopher Howell,345,5224 Warren Meadow Apt. 871,East Kennethstad,44269
Sarah Hill,346,810 Davenport Lane,New Jeanettestad,79539
Michele Rogers,347,68895 Bridget Stravenue,North Richardstad,57831
Stephanie Holder,348,0425 Miller Flats,East Alyssa,22212
Desiree Thompson,349,89390 Shelby Junctions Suite 939,Lake Rachelport,89165
Mike Snyder,350,2266 Montoya Key Apt. 845,Harperburgh,86232
Andrew Sutton,351,34308 Edwin Fort,South Jennifer,22030
Samantha Burnett,352,039 Nicholas Ridges,Smithfurt,47582
Christine Jones,353,32692 Virginia Turnpike Apt. 362,Deannashire,41480
Stacy Rogers,354,762 Brown Track,Port Alexburgh,07692
Richard Norton,355,91629 Smith Isle Suite 856,Jeffhaven,57733
Scott Dominguez,356,205 Larry Rue Apt. 301,East Russell,56732
Timothy Nolan,357,2325 Jeremy Harbor,South Kennethhaven,68458
Betty Benjamin,358,5092 Martinez Rapids Suite 819,West Rachelfort,08749
Ryan Mcpherson,359,24031 Rodriguez Locks,Amandaport,82798
Kimberly Golden,360,52278 Amanda Camp,South Lisaside,76693
Kelly Gonzales,361,758 Kenneth Islands Suite 554,Lake Nicholasmouth,09901
Andrew Jackson,362,266 Benson Camp,Erintown,03378
Emily King,363,1390 Andrea Canyon,Markview,92189
David Pace Jr.,364,0969 Lynch Plaza,North Kelsey,68983
Timothy Castaneda,365,5745 Ashley Green Apt. 415,Benjaminborough,52117
Mrs. Sandy White,366,7566 Thompson Estates Suite 792,New Richard,60167
Melinda Lewis,367,37162 Weeks Ville,South Samuelport,08868
Lawrence Blankenship,368,634 Mark Springs Apt. 546,Port Reneeville,91221
Laura Park,369,95245 Kramer Cliff Suite 002,Alexandriaton,62625
Jonathan Scott,370,473 Parks Fields,Wendyview,91847
David Stewart,371,327 Clark Spring Suite 882,Johnsonbury,61185
Miss Destiny Pearson,372,919 Amanda Ridge,West Claire,94289
Jennifer Gates,373,97039 Jennifer Expressway,South Mary,45391
Christopher Larson,374,511 Henson Avenue,Teresaview,00551
Chad Trujillo,375,8053 Jessica Stream Suite 412,Samanthafort,46248
Wanda Daniels,376,49777 Gonzales Corners Suite 645,Lisabury,83081
William Ramirez,377,3789 Duane Drives,Port John,97951
Cynthia Owens,378,441 Christian Roads,Lake Kathryn,19902
Melissa Warren,379,6558 Melissa Hollow Suite 486,Millerport,39033
Daniel Cross,380,902 Stephanie Center Suite 772,Port Thomashaven,68328
Shelley Harris,381,1122 Justin Orchard,Johnsonville,01524
Cynthia Hernandez,382,14445 Glenn Dale,New Jacob,82022
Christopher Hamilton,383,04384 Steven Passage,Lake John,09041
Zachary Navarro,384,89756 Henry Loop Apt. 029,West Mark,26162
Jeffery Phillips,385,620 Kim Radial,Port Timothy,61206
Joe Howard,386,4035 Lynn Street,Sydneyville,55864
Jose Mendez,387,4918 Wheeler Ways Suite 787,East Thomasfurt,89716
Julie Taylor,388,106 Steele Manors,Laurahaven,46914
Matthew Chung,389,006 Matthew Keys,Lake Adam,73170
Evelyn Cole,390,3958 Patterson Lakes,Sandraberg,13321
Ariel Cooper,391,986 Edwards Hill,Port Heather,26544
Mitchell Taylor,392,370 James Parkway,Gonzalesport,99921
Karen Wise,393,6207 Owens Forest,Lake Clayton,56093
Samantha Bennett,394,396 John Trail,West Christopherburgh,79598
John Montgomery,395,1083 Derrick Mountain Suite 160,Turnerport,22059
Matthew Martinez,396,1087 Scott Meadows Suite 636,New Geraldfort,06377
Amanda Wilson DDS,397,11205 Daniel Pine Suite 657,Andersonmouth,84811
Stacey Barrera,398,0297 Harmon Village,Danaland,67149
Tyler Flores,399,007 Christian Harbor Apt. 031,Paulachester,49335
Jennifer Richmond,400,19695 James Lane Suite 508,Blakestad,73875
Timothy Howell,401,10483 Callahan Shore Apt. 247,Alexandertown,07362
Steven Thomas,402,7419 Fernandez Run,Williamsside,43287
Sydney Wood,403,895 Kirby Islands,West Nicole,55942
Sarah Carter,404,53867 William Stravenue Suite 441,Lake Williammouth,41818
Connie Fox,405,65818 Wood Crossroad,Jacksonmouth,37656
Sheila Williams,406,2808 Linda Heights,North Raymondborough,73406
Ricardo Reynolds,407,5311 Elijah Port Suite 499,Burnsmouth,67795
Tracey Nunez,408,6444 Watts Squares,Troychester,11302
Clinton Costa,409,67962 Holland Brooks Apt. 589,Lake Angelamouth,10335
Jennifer Lopez,410,107 Frey Landing,Danielhaven,77969
Jeffrey Jackson,411,251 Michael Summit,Brandonside,60937
Karen Hernandez,412,8040 Jeffery Rest,West Amy,06661
Barry Crawford,413,1621 Velez Causeway,Changberg,35755
Priscilla Wolf,414,371 Robert Prairie Suite 501,Edwinstad,22333
Trevor Moses,415,031 Robert Shores Apt. 282,Port Heatherview,28945
Melissa Mills,416,8973 Frye Manor,Millertown,83987
Melissa Wilson,417,01774 Shaffer Alley Apt. 752,Paulaview,76009
Tamara Glass,418,72657 Taylor Drive Suite 201,Thomasborough,47533
Terry Palmer Jr.,419,248 Hensley Springs Suite 433,Barrettside,23038
Carrie Ferrell,420,612 Charles Crescent,South Phillip,03393
Theresa Richmond,421,56184 Larsen Walks Suite 164,Lake Laurastad,38268
Rodney Tucker,422,913 Jackson Neck Apt. 890,Port David,80065
Beth Moore,423,09792 Hernandez Lights,Ashleymouth,35651
Natalie Pittman,424,0304 Tammy Crest,Donovanstad,31154
Tonya Dickerson,425,257 Benjamin Manors Suite 332,Lefort,40313
David Montoya,426,872 Pitts Passage,Amandashire,59263
Heather Werner,427,1029 Dawson Place Suite 241,Rickyfort,13054
Kathy Clark,428,798 Martin Lights,South Jason,59382
William Holder,429,0184 Brown Canyon Apt. 132,Cobbport,47078
Jeffrey Rivera,430,497 Hanson Fields Apt. 791,Contrerasberg,43749
Anna Tapia,431,1533 April Station Suite 471,North Kristiebury,25464
Kelsey Weaver,432,2223 Morrison Freeway,South Cindy,03324
Joshua Smith,433,321 Joel Fords Suite 447,New Anthony,93468
Thomas Mcdonald,434,851 Justin Common,Jamesbury,31025
Danielle Levy,435,195 Kemp Green,West Joshua,33194
Margaret Thomas,436,496 Jackson Causeway Apt. 796,Smithtown,09275
Samantha Wood,437,939 Alicia Dam,South Jennifer,62433
Lisa Stone,438,188 Martinez Extension Apt. 644,North Daniel,56280
Keith Irwin,439,497 Barnes Rue Suite 057,North Nicoleberg,20694
Brian Bates,440,36671 Andrew Turnpike,Kimberlystad,66606
James Trevino,441,4287 Zavala Drives,Lisaville,44016
Daniel Smith,442,2309 Poole Crest,Lindsaychester,12027
Lisa Ellis,443,01303 Becker Meadow,West Johnmouth,16458
Jesse Herrera,444,6682 Tonya Motorway,Hardymouth,81505
Dr. Calvin Middleton,445,6592 Mitchell Oval Apt. 850,Lake Frankside,23132
Dana Holland,446,97298 Sarah Square,Lake Carla,78069
Sara Chang,447,622 Gentry Overpass,Melissaview,46531
Kimberly Patel,448,8715 James Center Suite 430,Dustinhaven,40482
Christopher Williams,449,792 Kristen Port Suite 881,Port Travisfurt,12932
Todd Horn,450,1326 Lawrence Park,Lake Brentstad,16859
John Griffin,451,407 Martinez Key,New Edgarbury,22875
Elizabeth Kelly,452,9956 Jennifer Harbors Apt. 671,West Jeffreymouth,30665
Marc Raymond,453,5462 Charles Village Suite 441,Lake Bryanshire,38405
Sheila Berry,454,17151 Nicole Motorway Suite 694,West Whitney,34968
Crystal Allen,455,3736 Clayton Bridge,Anneton,29591
Rebecca Chapman,456,131 Krueger Highway Apt. 788,New Carlosland,53271
Cheyenne Anderson,457,890 Figueroa Hill Apt. 881,North Kristiport,15991
Dale Brown,458,300 Beverly Lakes Suite 184,Joshuaview,27615
Brenda Cruz,459,5028 Michelle Mews,Lake Jonathan,96232
Alexander Patrick,460,99932 Tina Key,New Jacquelinefurt,83259
Nicole Nguyen,461,5556 John Plaza Suite 254,Hogantown,57588
Joseph Edwards,462,68107 Davila Viaduct,South Angela,61641
Timothy Hamilton,463,558 Church Bypass,East Rachael,01265
Mrs. Jane Reed MD,464,41250 Michael Squares,North Karen,48188
Wendy Miller,465,705 Phillips Locks Suite 442,Stephentown,16457
Katherine Love,466,2224 James Ville Apt. 427,South Christineborough,02618
Christy Jones,467,74686 Harold Rapids,Port Keithburgh,27397
Alexandra Bond,468,619 David Viaduct Suite 196,South Tammy,04910
Jeremy Taylor,469,918 Wong Drives,Lake Gordonview,08423
Brian Scott,470,9325 Scott Flat,Christinachester,14089
Roy Owens,471,4019 Danielle Landing,Port Bonnieburgh,34624
Alexis Herrera,472,97939 Cole Ranch,South Joannefort,60963
David Knight,473,644 Vincent Turnpike Apt. 313,Lake Diane,81974
Ashley Flowers,474,0263 Paige Way Apt. 674,Donaldsonmouth,43859
Katherine Calderon,475,07503 Nelson Trafficway,Jennifershire,07859
Kevin Hunter,476,441 Amanda Drive,South Maryborough,00902
Tanya Fields,477,3001 Carlson Turnpike,Port Noah,37662
Michael Green,478,145 Michelle Mews Suite 526,Natashamouth,37758
Jacob Arias,479,1827 Anderson Mountain Suite 171,Dianeview,16361
Kenneth Alexander,480,10833 Holland Union Suite 790,Kurtshire,16571
Terry Powell,481,9590 Ward Springs,New Kimberly,94525
Christopher Allen,482,570 William Plains Suite 581,Port Tonya,13140
Monica Bennett,483,68130 John Walk Apt. 074,Williammouth,40326
Michele Harris,484,0918 Weber Gateway,Kristenside,57797
Samuel Mclean,485,177 Hicks Fork,North Heathershire,53537
Cesar Douglas,486,4292 Beth Brook Apt. 798,West Jeremy,03053
Paul Bean,487,12615 Jordan Parkway,Nicholasville,81459
Laura Phillips,488,57744 Ramirez Villages Apt. 890,Stephanieville,83659
Cody Mitchell,489,993 Kaitlyn Parkways,Smithside,15739
Andrew Robinson,490,85831 Christopher Motorway,Port Laurenchester,22314
Nancy Smith,491,0183 Smith Dam,Marcusfurt,63692
Melissa Simmons,492,459 Clark Field,West Jeffreyport,83939
Brian Hill,493,9859 Allen Manors,Port Paulburgh,25970
Shawn Hardin,494,02695 Martin Mountain Apt. 923,Josestad,58580
Derrick Perez,495,566 Wendy Lights Suite 365,Turnerstad,83625
Angela Barr,496,5677 Jonathan Throughway Suite 422,New Dustinburgh,77417
Jessica Maldonado,497,634 Gaines Lakes,Obrienberg,82484
Eric Wheeler,498,4265 Sherman Shores,Johnstad,92458
Dillon Phillips,499,86901 Chelsea Valleys,Peterstad,62433
Felicia Norman,500,1942 Jason Parks,South Olivia,54214
Brittany Stewart,501,43220 Monique Ridges,Port Lindseyton,21887
Brian Adams,502,261 Christina Greens,Briggsborough,94368
Charles Bates,503,7926 Ross Divide Apt. 480,Calvinton,63183
Lisa Gardner,504,177 Timothy Prairie,Julianside,51520
Melissa Love,505,26320 Sanders Extensions Suite 941,East Melanieside,58026
Sean Christian,506,4383 Harper Summit,Roymouth,40248
Cristian Johnson,507,6006 Amy Plaza,South Megan,44530
Samantha Grant,508,95577 Laura Pines,New Jennifer,43379
Katie Miller,509,042 Wilson Road Suite 070,New Alyssa,32010
Rebekah Frank,510,2068 Dana Gateway Apt. 243,South Gary,36005
Krista Brown,511,89899 Teresa Wall,New Jeffreyfurt,28728
Sherri Jackson,512,68926 James Mall Apt. 798,Craigfort,14952
Rose Winters,513,37382 Oliver Row Suite 198,Kristenshire,53148
Matthew Garcia,514,1115 Wilkerson Crescent,Jessicatown,96220
Matthew Thompson,515,92691 Angela Fort Apt. 998,New Jimchester,59520
Justin Day DDS,516,649 Mays Course Suite 636,Dalebury,24792
Joseph Green,517,180 Robert Bypass Apt. 909,Port Nicoleberg,75493
James Herman,518,38502 Gray Burgs Suite 448,New Jeffrey,77746
Natalie Johnson,519,16798 Chelsea Ports,South Billyfurt,27401
Christopher Campbell,520,3457 Warren Stravenue Apt. 099,Lucasfurt,42134
Jessica Martin,521,14065 Dylan Crossing Suite 889,New Jasonfort,24873
Michael Patton,522,47625 Martinez Isle,North Peter,94933
Suzanne Richardson,523,13005 Alexis Mission,Hunterchester,65942
Natasha Hill,524,6390 Miller Ports,Port Lydia,77327
Albert Young,525,756 Angel Mall,Smithland,68437
Erin Miles,526,58696 Johnson Mission Suite 543,Port Erin,60599
Christopher Benson,527,119 Lauren Lock,Scottburgh,73606
Alicia Jenkins,528,6397 Gentry Valley Apt. 100,New Taraport,72789
Emily Gray,529,3847 Todd Unions,Fraziermouth,15997
Evelyn Chambers,530,7553 Taylor Knoll,Robertsside,82306
Lawrence Berger,531,03367 Marshall Hills Suite 549,Wheelershire,64611
Amy Oliver,532,10232 Doyle Neck,East Charles,97996
Mark Stone,533,11007 Obrien Wells Apt. 724,Port Brandonborough,19299
Jeffrey Good,534,946 Murray Inlet Suite 076,Kennethchester,01646
Angela Clark,535,1034 Mitchell Mountains Apt. 573,Lake Isabelstad,84995
James Jones PhD,536,3087 Matthew Streets,South Heatherhaven,58376
Amy Martin,537,877 Patterson Greens,North Jeffrey,47062
Scott Price,538,62867 Riley Divide Apt. 377,West Tracyburgh,92848
Casey Bell,539,569 Blake Circles Suite 995,Karaton,82257
Wendy Hall,540,8111 Brandy Ridge Suite 565,Erinstad,48663
Hunter Hampton,541,187 Davis Plain Apt. 388,Jasonmouth,95272
Amy Murphy,542,66739 Melissa Ford Apt. 797,New Briannafurt,64820
Laurie Molina,543,951 Gerald Plain Apt. 869,North Bradley,99901
Daniel Carrillo,544,242 Ramirez Burgs Apt. 936,Diazburgh,17772
April Thompson,545,64538 Payne Shoal Apt. 579,New Louisfurt,53591
Susan Anderson,546,68206 Anthony Prairie,Annafurt,67005
Steven Haynes,547,075 Schultz Ridges Apt. 014,West Sarahberg,78073
Timothy Morris,548,73866 William Cove,Jessicahaven,28241
Jillian Gross,549,11990 Christopher Avenue Suite 864,North Seanmouth,08029
David Stewart,550,172 Stephanie Garden Apt. 929,West Courtney,32077
Kristin Cunningham,551,2816 Moon Square Apt. 141,Perezside,33840
Ana Foster,552,87030 Christian Rue,Travishaven,34089
Rodney Bright,553,1759 James Turnpike Apt. 528,Andreaborough,20231
Erica Patton,554,69426 Gordon Key,Alvaradoburgh,38459
Rodney Stark,555,397 Moore Junction Suite 837,Jennifershire,00559
Pamela Mcfarland,556,799 Jones Trafficway Suite 703,West Joshuafurt,07443
Rachel Martinez,557,4471 Freeman Gardens,East Sarah,38083
Erika Scott,558,39279 Kyle Spur Suite 255,Port Dorothy,29548
Anthony Fleming,559,810 Torres Forge,Grayborough,23555
Juan Smith,560,584 William Forks,New Jefferymouth,30680
Kimberly Kelley,561,954 Hill Crest Suite 898,Castilloside,24034
Erin Hobbs,562,64565 Michael Inlet,Martinberg,14764
Michelle Brandt,563,23231 Bethany Isle Apt. 195,Timothyport,77061
Mr. Christopher Christensen,564,4493 Rebecca Mews,Lake Josephborough,73274
Lisa Young,565,37438 Silva Union,Jacobside,12216
Hailey White,566,57768 Tara Wells Suite 419,South Matthew,49540
Nancy Frederick,567,09001 Cooley Mountain,West Michaela,04231
Deborah Pierce,568,164 Rodriguez Junction Apt. 556,Brianland,99569
Steven Baker,569,433 Scott Junctions,South Suzannetown,20629
Michael King,570,335 Benjamin Manor,Thomasland,44475
Laurie Brown,571,76905 Javier Meadow,Barbaratown,39667
Michelle Lopez,572,101 Evans Meadows,East Christopherhaven,47059
Christine Petersen,573,9676 Brock Inlet Suite 519,Camposchester,03079
Paula Phillips,574,91900 Matthew Street,Jamesland,12489
Gina Valentine,575,9482 Matthew Flats Suite 003,Rowlandside,57932
Susan Bates,576,43140 Robert Hill,South Patrick,68055
Bruce Brown,577,21903 Rodriguez Isle Suite 334,Lindaborough,37525
Sarah Cox,578,1562 Jennifer Ramp Apt. 533,Bobbyshire,71009
Jesus Hunter,579,0128 Knight Garden,West Kathryn,61177
Michelle Barrett,580,95388 Howard Stream Apt. 682,Joelside,43431
Sharon Jones,581,32991 Bailey Pass,Rogerston,59732
Aaron Patterson,582,459 Kara Summit,South Rebecca,96901
Angela Gordon,583,290 Zachary Bridge,Murphychester,94030
Sara Pearson,584,912 Adam Fall Suite 395,Lake Kathleen,15438
Kimberly Jackson,585,437 Brooks Court,Palmerstad,00739
Jennifer Miller,586,223 Scott Turnpike,Ayersland,23339
Danielle Duran,587,23443 Amanda Point Suite 153,Stephaniehaven,33901
Ryan Jenkins,588,00190 Hernandez Station,New Zacharystad,43614
Louis Mitchell,589,465 Barron Ports Apt. 991,South George,16276
Richard Clark,590,09641 Jenkins Rapids,New Jamesmouth,01447
Whitney Cole,591,7047 Timothy Unions Suite 669,North Bonnieview,16348
Amanda Washington,592,511 Small Cliff Suite 125,West Stephenberg,14054
Jennifer Forbes,593,53197 Michael Groves Apt. 555,North Jenniferfort,32447
Jessica Cross,594,05865 English Shores,Linton,62985
Heidi Willis,595,90787 Heather Hollow Suite 520,Jeffreyport,36180
Mary Alexander,596,302 Richard Ferry Apt. 377,East Shelby,25438
Heather Jones,597,23038 Gloria Meadows Apt. 843,East Thomas,20193
Steven Johnson,598,8520 Michael Parkway,Michelleside,19235
Stacey Anderson,599,454 Miller Brooks,New Patrick,50224
Kevin Cantrell,600,6144 Garza Radial,West Kristaborough,75628
Corey Stevens,601,30817 Myers Point Apt. 304,West Jamesmouth,49000
Nicole Nichols,602,817 Donald Lakes Apt. 506,Alyssaland,78646
Jeffery Thomas,603,143 Andrew Wells Suite 529,West Matthew,02985
Kerri Graham,604,30614 Jennifer Mountain,Douglasbury,66905
Mr. Joseph Evans,605,48700 Lewis Shore Apt. 303,Curtisshire,72628
Mr. Victor Torres,606,001 Smith Cliff,Andreaberg,07342
Elizabeth Brown,607,17235 Nicholas Branch,West Michelle,37633
Deborah Sutton,608,20217 Williamson Walk,Jacksonport,05734
Walter Henry,609,3603 Allison Pine,Geoffreymouth,68891
Christina Riggs,610,1862 Anthony Trail,Lake Brandon,68548
Jessica Rogers,611,7692 Jose Stream Apt. 669,West Melanie,51881
Adriana Young,612,8926 Flynn Run,Patrickfurt,19603
Aaron Gregory,613,2137 Michael Rest,Matthewchester,58375
Lisa Vang,614,886 Gina Land,Jensenstad,25670
Maria Lam,615,563 Marsh Manor Apt. 391,East Ashley,58816
Daniel Mcdaniel,616,2840 Foster Road,Leahhaven,21736
Jesse Thomas,617,397 White Brooks,Lake Matthewton,28020
Scott Santos MD,618,823 Padilla Plains Suite 926,Wilsonland,39227
Dr. Craig Burke,619,74248 Jennifer Plains,Lindsaystad,85097
Kenneth Carter,620,63490 Miller Harbors Apt. 006,New Destiny,09206
Kimberly Morris,621,61891 Jessica Fort,South Debbiechester,11697
Michael Bates,622,43349 Chelsea Heights,Galvanview,84843
Brianna Townsend,623,4131 Wilson Orchard Apt. 108,South Kenneth,50345
Michael Krueger,624,873 Casey Oval,West Christopher,73537
Sheryl Swanson,625,2953 Sarah Rue,Port David,30793
William Martinez,626,92079 Michelle Meadows,North Christopherchester,28195
Cynthia Munoz,627,6526 Hooper Pine,New Morganborough,97955
Jose Shaffer,628,9013 Schmidt Valley,Port Steven,67733
Larry Wallace,629,269 John Rue Suite 083,Christophershire,87548
Joel Dennis,630,677 Bryan Underpass Suite 673,East Carlchester,27709
Ashley Payne,631,4346 Lee Mount Apt. 248,Martinside,29598
Richard Lozano,632,481 Fletcher Islands,South Kimberly,78144
Kristina Taylor,633,9968 Linda Coves Apt. 041,North Jessica,96392
Bradley Hamilton,634,07230 Nelson Hill Suite 698,Bradyshire,14510
Natalie Marshall,635,4737 Romero Mountain,Michaelport,41042
Catherine Caldwell,636,21760 Taylor Row,Stacyborough,76901
Mrs. Stacey Johnson,637,795 Weeks Road,Alexisville,11780
Ryan Davis DDS,638,63336 Webb Passage Suite 929,Lake Kristen,69207
Sheila Serrano,639,3872 Michelle Coves,North Sherry,22854
Shaun Levine,640,6409 Patrick Place,Rogersmouth,65260
Ronald Clark,641,9366 Simpson Cliffs,Acostachester,99640
Patricia Hall,642,134 Marc Village Suite 990,North Jessica,96796
Brandon Juarez,643,7804 Richardson Dam Suite 633,Christopherfort,07099
Erica Graham,644,62366 Laura Neck Suite 098,Mcdanielmouth,03275
Barry Lucas,645,980 Whitney Rue,Ryanville,10657
Bill Bradley,646,3729 Mcdonald Squares Apt. 909,Lake Ricky,48496
Jesus Sanchez,647,66327 Pamela Terrace,New Renee,29367
Jesse Ross,648,76279 Evans Rapids,Kingborough,14184
Lindsay Mills,649,15199 Arnold Inlet Apt. 277,Stephenborough,50230
Kathleen King,650,885 Daniels Center,North Mirandaland,89215
Alicia Fitzpatrick,651,1831 Case Crest,East Kathryn,87176
Frank Joseph,652,49835 Nathan Spring,Lake Allen,17862
Rebecca Cruz,653,1026 Paul Centers,South Calvin,70805
Jennifer Hubbard,654,497 Michelle Parks,North Meganborough,92938
Shelby Wallace,655,234 Steven Camp Suite 415,East Matthewshire,35972
Amy Brown,656,5872 David Court,West Tamara,10703
Allison Woods,657,733 Daniel Ville Apt. 392,Carolineland,62681
Megan Walker,658,92640 Raymond Forest,Summersfort,92370
Scott Gordon,659,224 Vanessa Loaf,East Christine,02983
Catherine Ward,660,1650 Kenneth Overpass,Richardsonland,78523
Justin Valencia,661,101 Harrington Landing,East Ashleeville,43685
Christian Reynolds,662,18797 Cameron Highway Suite 657,Reynoldsmouth,76249
Jeremy Lambert,663,7732 Baker Forks Apt. 063,Fletcherstad,72745
Kevin Smith,664,7278 Moore Crossroad Apt. 711,North Alexander,22153
Latoya Rodriguez,665,339 Cummings Branch,Nicholasmouth,53885
Ronald Williams,666,158 Archer Rapids,North Michael,06013
Corey Stewart,667,782 Nicole Mountain,Mitchellburgh,37694
Tasha Williams,668,3935 Michael Gateway Apt. 103,South Josephview,93528
Michael Harris,669,6510 Christopher Island Apt. 179,Michaelborough,64838
Sherry Russell,670,170 Robinson Valleys Suite 419,East Ianton,26694
Christopher Smith,671,89841 Collins Island,Salazarville,11472
Sandra Watkins,672,59827 Beltran Brooks Suite 465,Meyerport,53305
Erin Stephens,673,6347 Kelly Lake,Angelaborough,94836
Jessica Henry,674,6966 Morales Mills,Robertbury,14647
Jacqueline Hamilton,675,057 Travis Street Suite 649,Port Sandra,60396
Jenna Hernandez,676,18556 Evans Plaza,Montgomerychester,83277
Christopher Turner,677,1026 Raymond Trail Suite 655,East Patty,72416
Mrs. Jasmine Moore,678,5022 Jones Common,Johnsonview,27728
Jessica Collins,679,693 Anderson Flats Apt. 877,East Margaretchester,46718
Anna Mccoy,680,661 Burns Skyway Apt. 255,South Cassandraton,62272
David Fox,681,293 Matthew Wall Suite 258,Harrellland,31510
Erika Jackson,682,0614 Kelly Extensions,South Brandon,83732
Andrew Rivas,683,8838 White Highway,West Aaronport,53305
Albert Hudson,684,739 Christina Trace,East Loriview,92829
Emily Simon,685,23105 Moody Rest,Johnsonland,54478
Dr. Danielle Walls,686,0317 Rhonda Trail Apt. 783,Bellmouth,42453
Shannon Dalton,687,59729 Tammy Groves,Jasonfort,26657
Deborah Patterson,688,211 Watson Light,West Joannahaven,07069
Michael Vance,689,90279 Davenport Turnpike Suite 741,North Roberttown,85892
Christina Ray,690,366 Marcus Pike Suite 166,Jadetown,23415
Matthew Martinez,691,732 Jennifer Valley Apt. 348,South Connieshire,01098
Gregory Mcknight,692,70682 Silva Centers,Lake Mary,71731
Justin Larsen,693,9409 Tamara Mews,Brittneyhaven,17061
Ann Patel,694,3744 Lewis Isle Suite 335,East Stevenside,16623
Mr. William Schmidt,695,45134 Cynthia Trace,North Lisa,86091
Tammy Ramos,696,639 Jared Branch,Port Marciaport,01013
Bethany Chang,697,54339 Debra Rapids,Thomasstad,93462
Nancy Thompson,698,3026 Johns Roads Apt. 357,Washingtonbury,17273
Ana Gregory,699,047 Michaela Unions,Myershaven,21122
Jose Banks,700,3138 Edwards Lake,New Kimberlybury,93076
Willie Evans,701,049 Spence Street Apt. 676,South Debrachester,05320
Michael Weber,702,584 Robertson Loop,Christopherside,22960
Jason Harrison,703,5621 Samuel Coves Suite 025,Parsonsburgh,71007
Alicia Huber,704,382 Steven Courts,Bryanshire,32900
Jeremy Morales,705,6464 Reeves Valley Suite 288,East Jerryburgh,22620
William Hunter,706,573 Howard Keys Suite 997,Chaneyberg,68767
Justin Adams,707,28222 Holland Meadow Apt. 905,Clarkport,23746
Larry Carter,708,1236 Paul Course,New Chrisside,11025
Joshua Tanner,709,7199 Kimberly Glen,Stricklandfort,86157
Diana Wilson,710,84159 Michelle Trace,Jonesberg,18965
Stacy Alvarez,711,045 Nicholas Bypass,Michaelberg,95692
Kelly Barker,712,39470 Karen Shoals,Lake Angelaton,71737
Teresa Scott,713,1089 Stevens Motorway,West Susanstad,18541
Christopher Pearson MD,714,6147 David Haven Suite 552,West Bruce,45240
Carmen Ross,715,469 Jensen Flat,New Ryan,01136
Joseph Carrillo,716,3768 Bush Mountains Suite 809,Tammyfurt,19277
Jennifer Allen,717,13967 Cameron Crescent,Walkerland,22064
Timothy Valenzuela,718,68497 Park Keys Suite 460,Brandonburgh,53651
Nathaniel Castillo,719,79242 Boyd Corner Apt. 533,New Joshua,43561
Shelby Martin,720,0994 Joseph Brooks,Villarrealport,77657
Jacqueline Stephens,721,381 Kathy Glens,Lake Michealstad,48247
Jeffrey Edwards,722,459 Lopez Villages Apt. 936,Ellisonland,96801
William Manning,723,4974 Mark Keys,Douglasmouth,64300
Jeremiah Cameron,724,7046 Yoder Camp,Grahamton,73842
Kathryn Rubio,725,79480 Perez Road Suite 137,Mackmouth,29097
Carol Ellis,726,111 Hill Loop Suite 161,Ashleyfurt,44561
Daniel Garrison,727,6919 Michael Station,Smithside,46704
Terry Gentry,728,630 Jennifer Harbors Suite 940,Jacquelinechester,13478
Amanda Marshall,729,07368 Michael Estates,New Morganfurt,59224
Scott Moreno,730,809 Rich Street Apt. 922,Kristinahaven,04143
Benjamin Hopkins,731,52426 Brady Court,Blakemouth,13393
Jeffrey Gonzalez,732,09371 Barbara Causeway,Johnchester,82211
Katherine Zuniga,733,05618 Bennett Summit Suite 943,South Emily,83292
Rebecca Perez,734,06017 Sharon Viaduct,West Tonychester,59044
Jacqueline Williams,735,5388 Kathleen Ports Suite 208,East Matthewburgh,03430
Jack Bush,736,3610 Jimmy Greens,Cindyshire,54136
Brittany Contreras,737,44830 Smith Ports,Lake Brandonland,88452
Angela Cooper,738,020 Kari Trace Apt. 928,Karlborough,49976
Natalie Nguyen,739,4167 Rogers Rest,East Kellymouth,10000
Joshua Bauer,740,65135 Walton Corners,Jeanettemouth,44843
Erin Banks,741,40683 Cathy Springs Suite 600,West Sarah,31137
Christina Ayala,742,62286 Sara Meadow Apt. 569,Keithborough,63622
Donna Rogers,743,690 Smith Ridges Apt. 514,Petersonberg,99777
Robert Rowe,744,74010 Buchanan Fall Suite 815,Port Lisaland,64044
Mark Saunders,745,70455 Reed Crossroad Apt. 239,Erintown,63295
Justin Cooper,746,221 Luis Light,Larsonville,40249
Jennifer Doyle,747,4474 William Summit,Port Veronicabury,70596
Kathleen Hawkins DDS,748,838 Burke Inlet Apt. 110,Wellsport,18296
Erin Bates,749,86414 Ross Port,North Jason,97257
Robert Gray,750,1152 Heather Harbors Suite 032,Bridgetport,62515
Meghan Wagner,751,835 Pugh Ramp Suite 543,South Stephaniebury,31882
William Haas,752,63368 Holmes Mission,New Jessica,47989
Terrance Clay,753,67301 Danny Rapids,Ingramfurt,68219
Lisa Miles,754,095 Simmons Streets,West Katherine,77392
David Williams,755,8019 Camacho Club,Lake Brenda,88361
Tina Ali,756,53727 Jennifer Way Apt. 643,Singletonport,01705
Elizabeth Morris,757,15611 Lopez Brooks Suite 275,East Brittanyfort,12685
Paula Jimenez,758,72941 Anna Squares Suite 023,South Casey,84541
Sydney Miller,759,579 Avila Skyway,New Matthewfort,86748
Aaron Martin,760,41262 Fox Station Suite 665,Lake Amy,46143
Michelle Kline,761,7052 Clark Crossing Apt. 163,West Teresaland,18928
John Winters,762,140 Jill Canyon,North Wanda,92136
Jeffrey Snyder,763,5079 Calhoun Manors Suite 636,West Williamhaven,89960
Theresa Dawson,764,22516 Ian Stream,North Kenneth,06830
Jon Campbell,765,233 Andrew Center Suite 632,South Courtneyfurt,20478
Nicholas Lee,766,626 Brendan Orchard,Palmershire,46784
Daniel Mullins,767,485 Heather Locks Apt. 519,Elijahland,83170
Lisa Sandoval,768,120 Melinda Coves Suite 134,Sullivanshire,96400
Christy Herrera,769,008 Travis Run Suite 185,Garciaborough,90972
Jeffery Farmer,770,4578 Mcdonald Shore Suite 523,Gonzalezfurt,34039
Jennifer Bridges,771,492 Kristen Bypass,Davidfort,33449
Ms. Heather Fisher,772,58535 Joyce Mountains Apt. 033,Rogersborough,76281
Melissa Rosario,773,582 Charles Pine Suite 480,Leeshire,68679
Donna Jones,774,45427 Kaufman Branch,Lake Morgan,40738
Diana Dixon,775,11103 Valerie Courts,Baxterborough,10076
Michael Mitchell,776,25479 Collins Shores Apt. 963,Lesliechester,10783
Andrew Lane,777,0779 Jonathan Points,New Valerie,62504
Scott Hodge,778,95200 Banks Dam,New Jill,26670
Marc Wilson,779,351 Cordova Mountains,South Jonathanberg,67336
Danielle Valdez,780,3905 Jeremy Valleys,North Anne,20427
Cameron Mejia,781,792 Farmer Well Suite 762,Brownhaven,49755
Paige Hardy,782,998 Owen Isle Apt. 312,Ramostown,13589
Greg Evans,783,589 West Key Suite 589,Port Jonathan,64849
Nicolas Williams,784,9048 Schneider Lake,Shannonborough,54705
Alvin Paul,785,8046 King Cove,Maxwellside,70162
Maxwell Taylor,786,22847 Colon Summit,New Erica,39963
Lawrence Carr,787,527 Mike Plains Suite 527,East Cathyville,28194
Joseph Welch,788,5818 Hall Green Suite 307,New Amy,25413
Michele Alexander,789,04059 Lisa Terrace Suite 868,North Taylor,84149
Karen Wallace,790,5072 Jackson Shores Suite 588,Harrisburgh,52921
David Clark MD,791,27454 Smith Flat,West Michael,96484
Laura Pace,792,43820 Jeremiah Trail,New Adamfurt,65405
Denise Hansen,793,65306 Cassandra Run,East Miguelview,37397
Sean Holloway,794,2125 Newman Course Suite 526,Port Ronaldfurt,76225
James Clark DDS,795,272 Hughes Corners,Lake Jasmine,94963
Timothy Mcmillan,796,0166 Joseph Square,West Ianville,97410
Holly Dunn,797,431 Evans Ford Apt. 010,Vanessaville,11735
Timothy West,798,677 Church Harbor,New Christopherburgh,61685
Suzanne Giles,799,856 Carroll Knoll,Lake Kylefurt,19826
Tiffany Sharp,800,16942 Michelle Court,Stevenhaven,60288
Leslie Cook,801,10967 Alexandra Squares Apt. 087,Debraport,12465
Regina Stewart,802,3151 Cameron Trail Apt. 249,Cruzhaven,63472
Ian Miller,803,968 Cline Tunnel Apt. 926,Barbaraton,30340
Robert Howe,804,0804 Brett Stream Suite 845,Lake Brandi,90360
Holly Moreno,805,8152 Jones Mission,New Valerie,25460
Tammy Johnson,806,370 Sarah Skyway Apt. 636,Welchside,74726
Amber Johnson,807,082 Benjamin Fields,Lake John,50811
Daniel Wright,808,320 Barbara Trafficway Apt. 234,Johnstad,79721
Melissa Hickman,809,0801 Robinson Neck,Hughesfort,29049
Cynthia Jenkins,810,30951 Taylor Light,North Henry,12721
Dennis Simmons,811,32730 Kent Summit,Smithborough,68248
Jermaine Stokes,812,5816 Robert Dam,Laurastad,22600
Steven Young,813,233 Middleton Loaf Apt. 322,Petermouth,00705
Jonathan Ortiz,814,646 Michelle Harbor Suite 222,Port Lauren,59037
Christopher Thompson,815,796 Buchanan Crest,Kimfort,11570
Brian Lopez,816,0743 Weber Road,South Daleburgh,94793
Susan Church,817,724 Peters Causeway Suite 475,Port Jeffreystad,54534
Michelle Hayes,818,140 Cathy Mission,Grossport,64990
David Kennedy,819,5508 Courtney Parkway Suite 844,Johnside,82029
Nicole Garcia,820,7675 Betty Unions Apt. 111,Glennfurt,05527
Alec Kemp,821,11337 Montoya Mountain,Vargasport,99578
John Galloway,822,5180 Jennifer Curve Suite 114,Millerland,67818
Alvin Thomas,823,703 Stacy Way,Mclaughlinbury,80573
Rachel Michael,824,9659 Elizabeth Glen Apt. 463,West Matthewfort,72757
Amy Stone,825,88889 Jason Ports Apt. 439,Lake Chelsea,63128
Timothy Schmidt,826,9350 Ramirez Springs,Weissside,74817
Jose Patel,827,85727 Weber Summit Suite 783,Sandraton,14333
Debra Adams,828,593 Richard Viaduct,Marcustown,73331
Jessica Evans,829,3878 Miller Trail,Lake Robertton,89253
Derek Jackson,830,213 Leon Corner Suite 624,New Kathleenburgh,68697
Megan Smith,831,53860 Crystal Via,Maddoxhaven,27966
Michael Bradley,832,5767 Amber Point Apt. 936,North Diana,10390
Barbara Williams,833,426 Weeks Point,Port Taylor,45463
Michael Leonard,834,8420 Kelsey Drive Apt. 182,Jamesside,40790
Joshua Kramer DDS,835,33717 Thompson Lane Suite 739,Johnstonport,40902
Janet Woods,836,48557 Sergio Expressway,North Phillipport,08355
Andrea Hickman,837,474 Vanessa Mountains Apt. 308,Lake Ambermouth,56417
Marcus Hobbs,838,5393 Nelson Union Apt. 061,Haleshire,07212
Glenn Davis,839,67271 Rice Passage Apt. 934,East Michael,07390
Jessica Norris,840,26608 Shawn Shores,Lake Alyssa,85629
Beth Powell,841,34951 Barbara Run Suite 014,Patriciabury,10578
Renee Ward,842,760 Rhonda Unions,Ryanfurt,85128
Patricia Moody,843,85550 Victoria Pass Apt. 652,South Elijah,89511
Alicia Kramer,844,921 Kyle Junctions Apt. 182,Michellemouth,25228
Kendra Friedman,845,55570 Hernandez Stream Suite 948,Henryside,63042
Dillon Jimenez,846,32940 Smith Vista,Lynchton,75953
Trevor Sanchez,847,3338 Butler Roads Apt. 102,Fostermouth,44617
Justin Buck,848,7453 White Ranch,Aaronberg,57913
Whitney Cooper,849,0579 James Pine,West Justin,26033
Alexis Hubbard,850,617 Samantha Square,North Roberttown,23769
Randy Torres,851,2532 Cuevas Plain,North Matthewborough,61666
Dr. Roy Owens,852,5542 Lynch Port Apt. 085,Brendafort,23731
Jessica Johnson,853,4707 Anthony Island Suite 762,West Robert,34852
Andrea Adams,854,7415 Torres Lane Apt. 550,North Russellborough,60835
Sabrina Gonzalez,855,303 Keith Turnpike Apt. 939,East Brittany,02997
Cindy Walker,856,060 Allen Junctions Suite 363,East Morganchester,21263
Michelle Bond,857,20629 Jason Lodge Suite 725,Alexanderview,21768
Amy Blanchard,858,52231 Jeffrey Flats,South Mary,96994
William Tran,859,5055 Reyes Islands Suite 820,West Monicafort,30226
Anthony Kennedy,860,6014 Martin Mountain,East Pamelaside,77959
Natalie Nunez,861,539 Reed Highway,Gilmoreburgh,52628
Karla Vazquez,862,24891 Hayes Square,West Shawn,47971
Katherine Martinez,863,440 Andrew Square,Taylorbury,17356
Heather Moran,864,6725 Destiny Gateway,North Sandra,06071
Bryan Bowers,865,19419 Samantha Underpass,Jacobville,50935
Daniel Gaines,866,70854 Edward Orchard,Jenniferberg,55273
Matthew Howard,867,1360 Gomez Village,South Jasminefort,11206
Christopher Mason,868,6760 Jonathan Locks Apt. 959,Shannonfurt,56402
Luke Jennings,869,84556 Daniel Divide,North Mary,44085
Briana Lewis,870,657 Farmer Stravenue,Escobarmouth,68009
Andrew Campbell,871,759 Joe Throughway Suite 870,South Nicholasfort,78500
Adam Skinner,872,8920 Bradley Summit Suite 298,Juanberg,28478
Joseph Ramirez,873,7684 Timothy Trail Suite 034,West Stephenton,37854
Dana Johnson,874,957 Benitez Gardens Suite 044,South Andrewfurt,77071
Pamela Hess,875,115 Darren Burg Suite 067,East Francisco,65304
Robert Townsend,876,630 Mcdonald Centers Suite 757,South Kimmouth,59366
Jennifer Reynolds,877,116 Peters Ways,Gabrielhaven,10951
Evelyn Patton,878,74429 Darren Union Apt. 908,Michaelton,45184
Allison White,879,670 William Terrace Suite 801,Christophertown,75556
Sheryl Ruiz,880,6373 Audrey Road Suite 451,New Rachel,92915
Joshua Cardenas,881,816 Steven View Apt. 874,Danielston,18142
Ms. Heather Alexander,882,29393 Ricardo Squares,West Mary,95923
Parker Foley,883,1128 Rachel Land,Bradyview,79314
Andre Wilson,884,778 Leblanc Unions Suite 072,West Nicolehaven,74052
Kenneth Cooper,885,7625 Lambert Forge,Robertsville,29261
Richard Bean,886,2203 Lee Union Suite 610,North Jenna,55306
Joe Short,887,6334 Stewart Tunnel,Robertburgh,68454
Lauren Williams,888,6953 Petersen Isle,Petersonstad,59670
Erik Foster,889,568 Carroll Fall Suite 642,Port Marcuston,49550
Erik Juarez,890,1769 Christopher Landing Suite 001,North Anthonyberg,99670
Anthony Parker,891,38855 Roberts Mount Suite 963,Robertchester,53451
Robert Morgan,892,1871 Richard Via,South Justinfurt,72826
Meredith Salazar,893,906 Linda Extensions Suite 414,Port Richard,02921
Joseph Reynolds,894,65262 Ritter Lights Suite 260,New Lorettafort,11370
Travis Michael,895,1337 Sara Motorway,West Alexanderberg,21518
Jocelyn Atkins,896,371 Ashley Lodge Apt. 326,East Jenniferhaven,49886
Daniel Silva,897,4518 Justin Court Suite 072,New Joseburgh,47092
Ronald Kemp,898,9881 Derrick Brook,Port Brittanyton,37853
Lisa Powell,899,09287 Timothy Circle,North Branditon,64502
Scott Lopez,900,116 Tina Mountains Suite 569,West Adamport,74768
Amanda Freeman,901,86374 Jeanne Club,Teresachester,53471
Kristin Williams,902,89531 Gina Cliff,East Heatherberg,61447
Crystal Glover,903,951 Linda Mountain,Ericmouth,17904
Andrew Weber,904,1345 Smith Point Suite 906,New Coreyshire,25127
Brandon Johnson,905,14220 Taylor Prairie Apt. 622,Valentinehaven,44931
Jennifer Fleming,906,349 Candice Court,South Kyle,04841
Derrick Rice,907,5439 Nicholas Fork Apt. 384,South Sherritown,17709
Kimberly Kim,908,742 Campbell Fort,South Carlaview,92313
Donna Kelley,909,64857 Jennifer Cove,North Shannon,19447
Sean Coleman,910,78488 Jones Expressway,Brianborough,42652
Wyatt Shah,911,653 Mark Cape,Martinezmouth,50227
Phillip Pierce,912,15829 Max Coves,Kingburgh,37651
John Lopez,913,311 David Glen Suite 663,Billyberg,70562
Michael Rivera,914,934 Kevin Drive Apt. 505,West Erin,01710
Jason Delgado,915,994 Clements Walk,Lake Cynthia,20819
Bryan Jones,916,2074 Patrick Row,North Sarahfurt,86644
Clayton Walton,917,0185 Lindsay Shoal,North Nicole,13356
Michele Martinez,918,716 Hall Manors,South Grace,87430
Mr. Corey Chandler,919,5723 Wiggins Cape Apt. 047,Monroehaven,63906
Catherine Newman,920,564 Brendan Summit,East Theresaville,56325
Tony Aguirre,921,83207 Bray Valley Apt. 573,Lauraport,73144
Noah Webb,922,96461 Young Extensions Apt. 612,Davismouth,02831
Mallory Simpson,923,557 Aaron Junction Apt. 641,West Sierra,29622
Alyssa Lawrence,924,203 Nathan Gardens,Lake John,84286
Monica Conrad,925,374 Cannon Forges Suite 290,North Cody,78664
Brian Perry,926,788 Jones Place Suite 255,Christopherton,64618
Robin Lee,927,62385 Bryan Knolls,Castillochester,56688
Diane Moore,928,0851 James Tunnel,Wilcoxport,17076
Jasmine Martinez,929,4354 Miller View,Thompsontown,55539
Michael Kane,930,4627 Nancy Parkways Apt. 876,Michellestad,53131
Francisco Ingram,931,16309 Short Plains Suite 695,Cherylhaven,59889
Mindy Foster,932,555 Walker Plaza,Marcushaven,18899
Amanda Conley,933,949 Aaron Port Suite 591,Lake James,87155
Stacey Young,934,3893 Harry Radial,Joneschester,88821
Krystal Terrell,935,560 George Parks Apt. 501,Erinmouth,46212
Joshua Hernandez,936,41653 Glover Cliffs,Daniellefort,60192
Kelly Stevens,937,935 Bailey Dale Suite 552,Samanthatown,08901
Danielle Ferguson,938,753 Jerome Rapid Apt. 507,Jamesburgh,98660
Jeffrey Norton,939,922 Jared Stravenue,East Charlesberg,40046
Virginia Vasquez,940,333 Wood Avenue Suite 403,Ryanton,75509
Tiffany Orozco,941,6157 Morrison Fields,East Melissafort,90899
Jill Smith,942,0020 Kirk Rue,East Taylor,50787
Daniel Cardenas,943,0088 Diana Hill,East Jessica,23910
Antonio Mcintosh,944,43926 Katrina Tunnel,Charlesburgh,35578
Taylor Buck,945,5280 Kane Mount,Coxberg,71509
Rachael Palmer,946,8550 Linda Land,Port Michaelland,85889
Christine Thompson,947,02671 Alexander Canyon Apt. 087,Port Christopher,06429
Sherri Kent,948,08501 Martin Ferry,North Steventon,18968
Lorraine Sanders,949,94904 Kayla Rue Suite 748,Angelicamouth,08649
Robert Turner,950,65680 Margaret Curve,Mooreport,19937
David Brady,951,7202 Allen Roads,Fullerville,57766
Michael Dunn,952,58210 Ethan Greens,Port Lynntown,83958
Krista Wallace,953,3134 Jill Stream Suite 263,North Markborough,69684
Kelly Gill,954,62622 Tony Summit Suite 054,Anthonyport,20843
Kevin Bruce,955,27070 Patel Way,Dominguezchester,81350
Holly Bryant,956,629 Vazquez Walks,Emilyville,11635
Colleen Gonzales,957,2680 Julie Way,East Sarahmouth,07797
Mark Nguyen,958,03840 Debra Manors Apt. 195,Charleshaven,31135
Nicole Rodriguez,959,534 Phillips Radial Apt. 124,Mendeztown,37025
Kristen King,960,304 Dixon Mountains Apt. 430,Kimberlyton,39932
Jason Castillo,961,4484 Shields Isle Apt. 219,Davidville,38257
Tyler Watson,962,9151 Bradford Stravenue,Susanmouth,01332
Wanda Peterson,963,882 Peter Passage,Port Victor,97253
Melissa Ramirez,964,7475 Newman Light Apt. 766,Wilsonville,98385
Heather Gomez,965,28824 Erin Springs Suite 978,Elijahstad,32702
Samuel Melendez,966,0721 George Lights,West Tammy,32353
Aaron Carpenter,967,23693 Kelley Island,Maryside,52956
Kathleen Daniel,968,38243 Garcia Ranch,West Mallory,36851
Pamela Sanchez,969,6890 Kimberly Road,West Lauren,16058
Cynthia Rodriguez,970,63532 Howard Crescent,West Nicoletown,32451
Billy Lawson,971,901 Julie Mews,Brendastad,21007
Lisa Patel,972,323 Joseph Gateway,West Todd,39316
Yolanda Jefferson,973,8980 Amber Park,North Richardfurt,95522
Brenda Livingston,974,3222 Nguyen Crescent Suite 459,Patriciafort,26547
Andrew Vazquez,975,36197 Castaneda Gateway,Vasquezview,04992
Joe Lewis,976,344 Johnson Glen,Loweland,23037
Kirsten Johnson,977,037 Judith Run Apt. 958,New Michelleberg,60207
Rhonda Vazquez,978,96957 Garza Roads,New Alexanderview,30350
Ryan Hall,979,36509 Jones Freeway,Millermouth,34343
Deborah Lee,980,3278 Anthony Pike Suite 188,East Susanview,83334
Benjamin Hall,981,17786 Crystal Shore,Staceymouth,79196
Jeffrey Hull,982,14121 Walker Roads,Reeseshire,19417
Rebecca Mcdonald,983,411 Christine Alley,Lake Thomasmouth,27761
Jeremy Sanders,984,5459 Waller Skyway Apt. 531,Ryanside,47029
Ashley Lopez,985,745 Justin Fords,North Jeffrey,15850
Brittany Patterson,986,130 Elliott Path Apt. 789,Lake Timothyview,01898
Suzanne Burke,987,6380 Jerry Ports,New Matthew,69246
Ryan Rivera,988,081 Reeves Landing Apt. 442,Lake Stevenfurt,60918
Jimmy Burke DVM,989,7766 Kevin Trafficway Apt. 732,South Anna,64252
Terri Henry PhD,990,012 Richardson Walk,South Edwardview,02855
Timothy Hill,991,65302 Petersen Point Suite 545,North Denniston,78482
Nicole Moore,992,71958 Lori Via,Port Kristenbury,74248
Matthew Gonzalez,993,777 Matthew Hill,South Eric,96644
Michelle Gregory,994,06593 Corey Falls Apt. 127,Michealside,21730
Bryan Hall,995,83710 Catherine Stream,East Jenniferberg,05594
Matthew Perez,996,12572 Damon Isle Suite 483,Richmondville,82154
Christopher Pierce,997,0585 Katrina Camp Suite 577,East Shawnfort,67299
Joshua Valenzuela,998,1127 Robert Mount Suite 193,Lake Samuelhaven,11849
Jason Hughes,999,548 Deleon Valley,South Melissa,24276
Eric Maxwell,1000,54774 Black Spur,Jordanhaven,03768
John Bernard,1001,8372 Caroline Hill Suite 488,North Bryan,20447
